<?xml version="1.0" encoding="UTF-8"?>
<project-private xmlns="http://www.netbeans.org/ns/project-private/1">
    <editor-bookmarks xmlns="http://www.netbeans.org/ns/editor-bookmarks/2" lastBookmarkId="0"/>
    <open-files xmlns="http://www.netbeans.org/ns/projectui-open-files/2">
        <group>
            <file>file:/C:/Users/eevsg/Desktop/EVA2_EXAMEN/src/Empleado/Empleados.java</file>
            <file>file:/C:/Users/eevsg/Desktop/EVA2_EXAMEN/src/Empleado/EmpleadoTiempoParcial.java</file>
            <file>file:/C:/Users/eevsg/Desktop/EVA2_EXAMEN/src/Empleado/Administrador.java</file>
            <file>file:/C:/Users/eevsg/Desktop/EVA2_EXAMEN/src/Empleado/ElegibleParaBono.java</file>
            <file>file:/C:/Users/eevsg/Desktop/EVA2_EXAMEN/src/Empleado/EmpleadoTiempoCompleto.java</file>
            <file>file:/C:/Users/eevsg/Desktop/EVA2_EXAMEN/src/eva2_examen/EVA2_EXAMEN.java</file>
        </group>
    </open-files>
</project-private>
